{"properties":{"0":"Rarity","1":"Ref","2":"Name","3":"Description","4":"Layer","5":"Class","6":"Subclass","7":"Attachable","8":"Upgradeable","9":"Event","10":"Sprite","11":"Value","12":"Health","13":"Mass","14":"Durability","15":"DodgeChance","16":"KeybindAmount","17":"KeybindDefault","18":"ActivationType","19":"ActivationSound","20":"ActivationDefault","21":"ActivationHidden","22":"ShieldGeneration","23":"ShieldCooldown","24":"ShieldMax","25":"ShieldOverload","26":"EnergyGeneration","27":"EnergyCooldown","28":"EnergyMax","29":"ThrustUpward","30":"ThrustHorizontal","31":"ThrustDownward","32":"ThrustCooldown","33":"DamageType","34":"WeaponSize","35":"WeaponCooldown","36":"Recoil","37":"CritChance","38":"DamageImpact","39":"EnergyUse","40":"ShotAmount","41":"VolleyAmount","42":"VolleyDelay","43":"Spread","44":"AmmunitionGeneration","45":"AmmunitionCooldown","46":"AmmunitionUse","47":"AmmunitionMax","48":"ProjectileName","49":"ProjectileSprite","50":"ProjectileSound","51":"ProjectileBehavior","52":"ProjectileHealth","53":"ProjectileRange","54":"ProjectileLife","55":"ProjectileKnockback","56":"Damage","57":"DamageDecrease","58":"DamagePenetration","59":"DamageShield","60":"DamageShieldPierce","61":"DamageAbsorb","62":"DamageDeflect","63":"DamageLifesteal","64":"ProjectileVelocityInitial","65":"ProjectileVelocityFinal","66":"ProjectileAcceleration","67":"ProjectileVelocityRelative","68":"ProjectileRotationInitial","69":"ProjectileRotationFinal","70":"ProjectileRotationAcceleration","71":"ProjectileGravity","72":"HomingRotationSpeed","73":"HomingSpread","74":"ProjectileAttractRadius","75":"ProjectileAttractForce","76":"WaveAmplitude","77":"WaveFrequency","78":"SecondaryDamage","79":"SecondaryHealth","80":"SecondaryRange","81":"SecondaryShotAmount","82":"SecondarySpread","83":"RotationTargeting","84":"RotationSpeed","85":"RotationAxis","86":"RotationSpread","87":"HealingAmount","88":"HealingCooldown","89":"AttractRadius","90":"AttractForce","91":"RangeTrigger","92":"EffectTrail","93":"EffectColor","94":"EffectExplode","95":"EffectAlphaDelta","96":"EffectRandomRotation","97":"EffectRandomFlip","98":"EffectAnimated"},"items":{"0":"silt","1":"dirt","2":"compressed_dirt","3":"grass","4":"mudstone","5":"clay","6":"cloud","7":"gravel","8":"leaves","9":"cobblestone","10":"stone","11":"quartz","12":"sandstone","13":"marble","14":"limestone","15":"aetherium","16":"cloud_dense","17":"evergrowth","18":"granite","19":"crystal","20":"obsidian","21":"arcnite","22":"darkstone","23":"molten_rock","24":"magmium","25":"aerogel","26":"core","27":"floatron_basic","28":"floatron_advanced","29":"floatron_complex","30":"floatron_ultimate","31":"drifter_basic","32":"drifter_advanced","33":"drifter_complex","34":"drifter_ultimate","35":"slammeron_basic","36":"slammeron_advanced","37":"slammeron_complex","38":"reactor_basic","39":"reactor_advanced","40":"reactor_complex","41":"battery_basic","42":"battery_advanced","43":"battery_complex","44":"armor_basic","45":"armor_advanced","46":"armor_complex","47":"electromagnet","48":"electrowreath","49":"shield_basic","50":"shield_advanced","51":"shield_complex","52":"shieldstone_basic","53":"shieldstone_advanced","54":"shieldstone_complex","55":"shield_ultimate","56":"tree_bush","57":"tree_lantern","58":"tree_palm","59":"snowman","60":"tree_spruce","61":"tree_christmas","62":"tree_oak","63":"balloon","64":"pyramid","65":"mount","66":"forge","67":"house","68":"farm","69":"windmill","70":"shop","71":"cannon","72":"quickshot","73":"dualshot","74":"quadshot","75":"minicannon","76":"megacannon","77":"microcannon","78":"ternion","79":"machinegun","80":"gatling","81":"test","82":"spreadgun","83":"shotgun","84":"shotgun_dual","85":"mortar","86":"mortar_dual","87":"grenador","88":"crystor","89":"flare","90":"superflare","91":"gigaflare","92":"rocket","93":"rocket_dual","94":"monorocket","95":"missile_swarm","96":"missile_blitz","97":"missile_barrage","98":"missile_annihilator","99":"missile_obliterator","100":"crystaling","101":"crystacle","102":"zephyr","103":"gustin","104":"spyke","105":"spyke_dual","106":"spyke_uber","107":"laser","108":"laser_dual","109":"turbolaser","110":"gravitor","111":"plasma","112":"plasma_dual","113":"ionodriver","114":"ionopiercer","115":"ionocleaver","116":"autolaser","117":"autolaser_heavy","118":"parasite","119":"leech","120":"beamgun","121":"railgun","122":"mender","123":"reconstructor","124":"propulsor_basic","125":"propulsor_advanced","126":"propulsor_complex","127":"accelerator_basic","128":"accelerator_advanced","129":"accelerator_complex","130":"reinforcement_basic","131":"reinforcement_advanced","132":"reinforcement_complex","133":"antimatter_basic","134":"antimatter_advanced","135":"antimatter_complex","136":"ultramplifier_basic","137":"ultramplifier_advanced","138":"ultramplifier_complex","139":"firepower_basic","140":"firepower_advanced","141":"firepower_complex","142":"nuclearizer_basic","143":"nuclearizer_advanced","144":"nuclearizer_complex","145":"supercapacitor_basic","146":"supercapacitor_advanced","147":"supercapacitor_complex","148":"augmentator_basic","149":"augmentator_advanced","150":"augmentator_complex","151":"barrel_extender","152":"barrel_choke","153":"barrel_suppressor","154":"barrel_piercer","155":"laser_trigger","156":"surge_protector","157":"turbocharger","158":"servo","159":"energy_cycler","160":"regenerator","161":"ammunition_box","162":"shock_absorber","163":"reinforced_bullet","164":"targeting_system","165":"rocket_propellant","166":"disruptor","167":"aileron","168":"health_extractor"}}