{"properties":{"0":"rarity","1":"ref","2":"name","3":"description","4":"layer","5":"class","6":"subclass","7":"attachable","8":"upgradeable","9":"event","10":"sprite","11":"value","12":"health","13":"mass","14":"durability","15":"dodgechance","16":"keybindamount","17":"keybinddefault","18":"activationtype","19":"activationsound","20":"activationdefault","21":"activationhidden","22":"shieldgeneration","23":"shieldcooldown","24":"shieldmax","25":"shieldoverload","26":"energygeneration","27":"energycooldown","28":"energymax","29":"thrustupward","30":"thrusthorizontal","31":"thrustdownward","32":"thrustcooldown","33":"damagetype","34":"weaponsize","35":"weaponcooldown","36":"recoil","37":"critchance","38":"damageimpact","39":"energyuse","40":"shotamount","41":"volleyamount","42":"volleydelay","43":"spread","44":"ammunitiongeneration","45":"ammunitioncooldown","46":"ammunitionuse","47":"ammunitionmax","48":"projectilename","49":"projectilesprite","50":"projectilesound","51":"projectilebehavior","52":"projectilehealth","53":"projectilerange","54":"projectilelife","55":"projectileknockback","56":"damage","57":"damagedecrease","58":"damagepenetration","59":"damageshield","60":"damageshieldpierce","61":"damageabsorb","62":"damagedeflect","63":"damagelifesteal","64":"projectilevelocityinitial","65":"projectilevelocityfinal","66":"projectileacceleration","67":"projectilevelocityrelative","68":"projectilerotationinitial","69":"projectilerotationfinal","70":"projectilerotationacceleration","71":"projectilegravity","72":"homingrotationspeed","73":"homingspread","74":"projectileattractradius","75":"projectileattractforce","76":"waveamplitude","77":"wavefrequency","78":"secondarydamage","79":"secondaryhealth","80":"secondaryrange","81":"secondaryshotamount","82":"secondaryspread","83":"rotationtargeting","84":"rotationspeed","85":"rotationaxis","86":"rotationspread","87":"healingamount","88":"healingcooldown","89":"attractradius","90":"attractforce","91":"rangetrigger","92":"effecttrail","93":"effectcolor","94":"effectexplode","95":"effectalphadelta","96":"effectrandomrotation","97":"effectrandomflip","98":"effectanimated"},"items":{"0":"silt","1":"dirt","2":"compressed_dirt","3":"grass","4":"mudstone","5":"clay","6":"cloud","7":"gravel","8":"leaves","9":"cobblestone","10":"stone","11":"quartz","12":"sandstone","13":"marble","14":"limestone","15":"aetherium","16":"cloud_dense","17":"evergrowth","18":"granite","19":"crystal","20":"obsidian","21":"arcnite","22":"darkstone","23":"molten_rock","24":"magmium","25":"aerogel","26":"core","27":"floatron_basic","28":"floatron_advanced","29":"floatron_complex","30":"floatron_ultimate","31":"drifter_basic","32":"drifter_advanced","33":"drifter_complex","34":"drifter_ultimate","35":"slammeron_basic","36":"slammeron_advanced","37":"slammeron_complex","38":"reactor_basic","39":"reactor_advanced","40":"reactor_complex","41":"battery_basic","42":"battery_advanced","43":"battery_complex","44":"armor_basic","45":"armor_advanced","46":"armor_complex","47":"electromagnet","48":"electrowreath","49":"shield_basic","50":"shield_advanced","51":"shield_complex","52":"shieldstone_basic","53":"shieldstone_advanced","54":"shieldstone_complex","55":"shield_ultimate","56":"tree_bush","57":"tree_lantern","58":"tree_palm","59":"snowman","60":"tree_spruce","61":"tree_christmas","62":"tree_oak","63":"balloon","64":"pyramid","65":"mount","66":"forge","67":"house","68":"farm","69":"windmill","70":"shop","71":"cannon","72":"quickshot","73":"dualshot","74":"quadshot","75":"minicannon","76":"megacannon","77":"microcannon","78":"ternion","79":"machinegun","80":"gatling","81":"test","82":"spreadgun","83":"shotgun","84":"shotgun_dual","85":"mortar","86":"mortar_dual","87":"grenador","88":"crystor","89":"flare","90":"superflare","91":"gigaflare","92":"rocket","93":"rocket_dual","94":"monorocket","95":"missile_swarm","96":"missile_blitz","97":"missile_barrage","98":"missile_annihilator","99":"missile_obliterator","100":"crystaling","101":"crystacle","102":"zephyr","103":"gustin","104":"spyke","105":"spyke_dual","106":"spyke_uber","107":"laser","108":"laser_dual","109":"turbolaser","110":"gravitor","111":"plasma","112":"plasma_dual","113":"ionodriver","114":"ionopiercer","115":"ionocleaver","116":"autolaser","117":"autolaser_heavy","118":"parasite","119":"leech","120":"beamgun","121":"railgun","122":"mender","123":"reconstructor","124":"propulsor_basic","125":"propulsor_advanced","126":"propulsor_complex","127":"accelerator_basic","128":"accelerator_advanced","129":"accelerator_complex","130":"reinforcement_basic","131":"reinforcement_advanced","132":"reinforcement_complex","133":"antimatter_basic","134":"antimatter_advanced","135":"antimatter_complex","136":"ultramplifier_basic","137":"ultramplifier_advanced","138":"ultramplifier_complex","139":"firepower_basic","140":"firepower_advanced","141":"firepower_complex","142":"nuclearizer_basic","143":"nuclearizer_advanced","144":"nuclearizer_complex","145":"supercapacitor_basic","146":"supercapacitor_advanced","147":"supercapacitor_complex","148":"augmentator_basic","149":"augmentator_advanced","150":"augmentator_complex","151":"barrel_extender","152":"barrel_choke","153":"barrel_suppressor","154":"barrel_piercer","155":"laser_trigger","156":"surge_protector","157":"turbocharger","158":"servo","159":"energy_cycler","160":"regenerator","161":"ammunition_box","162":"shock_absorber","163":"reinforced_bullet","164":"targeting_system","165":"rocket_propellant","166":"disruptor","167":"aileron","168":"health_extractor"}}