{"properties":{"0":"Rarity","1":"Ref","2":"Name","3":"Description","4":"Layer","5":"Class","6":"Subclass","7":"Attachable","8":"Upgradeable","9":"Event","10":"Sprite","11":"Value","12":"Health","13":"Mass","14":"Durability","15":"DodgeChance","16":"KeybindAmount","17":"KeybindDefault","18":"ActivationType","19":"ActivationSound","20":"ActivationDefault","21":"ActivationHidden","22":"ShieldGeneration","23":"ShieldCooldown","24":"ShieldMax","25":"ShieldOverload","26":"EnergyGeneration","27":"EnergyCooldown","28":"EnergyMax","29":"ThrustUpward","30":"ThrustHorizontal","31":"ThrustDownward","32":"ThrustCooldown","33":"DamageType","34":"WeaponCooldown","35":"Recoil","36":"CritChance","37":"DamageImpact","38":"EnergyUse","39":"ShotAmount","40":"VolleyAmount","41":"VolleyDelay","42":"Spread","43":"AmmunitionGeneration","44":"AmmunitionCooldown","45":"AmmunitionUse","46":"AmmunitionMax","47":"ProjectileName","48":"ProjectileSprite","49":"ProjectileSound","50":"ProjectileBehavior","51":"ProjectileHealth","52":"ProjectileRange","53":"ProjectileLife","54":"ProjectileKnockback","55":"Damage","56":"DamageDecrease","57":"DamagePenetration","58":"DamageShield","59":"DamageShieldPierce","60":"DamageAbsorb","61":"DamageDeflect","62":"DamageLifesteal","63":"ProjectileVelocityInitial","64":"ProjectileVelocityFinal","65":"ProjectileAcceleration","66":"ProjectileVelocityRelative","67":"ProjectileRotationInitial","68":"ProjectileRotationFinal","69":"ProjectileRotationAcceleration","70":"ProjectileGravity","71":"HomingRotationSpeed","72":"HomingSpread","73":"ProjectileAttractRadius","74":"ProjectileAttractForce","75":"WaveAmplitude","76":"WaveFrequency","77":"SecondaryDamage","78":"SecondaryHealth","79":"SecondaryRange","80":"SecondaryShotAmount","81":"SecondarySpread","82":"RotationTargeting","83":"RotationSpeed","84":"RotationAxis","85":"RotationSpread","86":"HealingAmount","87":"HealingCooldown","88":"AttractRadius","89":"AttractForce","90":"RangeTrigger","91":"EffectTrail","92":"EffectColor","93":"EffectExplode","94":"EffectAlphaDelta","95":"EffectRandomRotation","96":"EffectRandomFlip","97":"EffectAnimated"},"items":{"0":"sand","1":"silt","2":"dirt","3":"compressed_dirt","4":"grass","5":"mudstone","6":"clay","7":"cloud","8":"gravel","9":"leaves","10":"cobblestone","11":"stone","12":"quartz","13":"sandstone","14":"marble","15":"limestone","16":"aetherium","17":"cloud_dense","18":"evergrowth","19":"granite","20":"crystal","21":"obsidian","22":"arcnite","23":"darkstone","24":"molten_rock","25":"magmium","26":"aerogel","27":"core","28":"floatron_basic","29":"floatron_advanced","30":"floatron_complex","31":"floatron_ultimate","32":"drifter_basic","33":"drifter_advanced","34":"drifter_complex","35":"drifter_ultimate","36":"slammeron_basic","37":"slammeron_advanced","38":"slammeron_complex","39":"reactor_basic","40":"reactor_advanced","41":"reactor_complex","42":"battery_basic","43":"battery_advanced","44":"battery_complex","45":"armor_basic","46":"armor_advanced","47":"armor_complex","48":"electromagnet","49":"electrowreath","50":"shield_basic","51":"shield_advanced","52":"shield_complex","53":"shieldstone_basic","54":"shieldstone_advanced","55":"shieldstone_complex","56":"shield_ultimate","57":"tree_bush","58":"tree_lantern","59":"tree_palm","60":"snowman","61":"tree_spruce","62":"tree_christmas","63":"tree_oak","64":"balloon","65":"pyramid","66":"mount","67":"forge","68":"house","69":"farm","70":"windmill","71":"shop","72":"cannon","73":"quickshot","74":"dualshot","75":"quadshot","76":"minicannon","77":"megacannon","78":"microcannon","79":"ternion","80":"machinegun","81":"gatling","82":"spreadgun","83":"shotgun","84":"shotgun_dual","85":"mortar","86":"mortar_dual","87":"grenador","88":"crystor","89":"flare","90":"superflare","91":"gigaflare","92":"rocket","93":"rocket_dual","94":"monorocket","95":"missile_swarm","96":"missile_blitz","97":"missile_barrage","98":"missile_annihilator","99":"missile_obliterator","100":"crystaling","101":"crystacle","102":"zephyr","103":"gustin","104":"spyke","105":"spyke_dual","106":"spyke_uber","107":"laser","108":"laser_dual","109":"turbolaser","110":"gravitor","111":"plasma","112":"plasma_dual","113":"ionodriver","114":"ionopiercer","115":"ionocleaver","116":"autolaser","117":"autolaser_heavy","118":"parasite","119":"leech","120":"beamgun","121":"railgun","122":"barrier","123":"mender","124":"reconstructor","125":"propulsor_basic","126":"propulsor_advanced","127":"propulsor_complex","128":"accelerator_basic","129":"accelerator_advanced","130":"accelerator_complex","131":"reinforcement_basic","132":"reinforcement_advanced","133":"reinforcement_complex","134":"antimatter_basic","135":"antimatter_advanced","136":"antimatter_complex","137":"ultramplifier_basic","138":"ultramplifier_advanced","139":"ultramplifier_complex","140":"firepower_basic","141":"firepower_advanced","142":"firepower_complex","143":"nuclearizer_basic","144":"nuclearizer_advanced","145":"nuclearizer_complex","146":"supercapacitor_basic","147":"supercapacitor_advanced","148":"supercapacitor_complex","149":"augmentator_basic","150":"augmentator_advanced","151":"augmentator_complex","152":"barrel_extender","153":"barrel_choke","154":"barrel_suppressor","155":"barrel_piercer","156":"laser_trigger","157":"surge_protector","158":"turbocharger","159":"servo","160":"energy_cycler","161":"regenerator","162":"ammunition_box","163":"shock_absorber","164":"reinforced_bullet","165":"targeting_system","166":"rocket_propellant","167":"disruptor","168":"aileron","169":"health_extractor"}}