{"properties":{"0":"Rarity","1":"Ref","2":"Name","3":"Description","4":"Layer","5":"Class","6":"Subclass","7":"Attachable","8":"Upgradeable","9":"Forgeable","10":"Dropable","11":"Event","12":"Sprite","13":"Value","14":"Health","15":"Mass","16":"Durability","17":"DodgeChance","18":"KeybindAmount","19":"KeybindDefault","20":"ActivationType","21":"ActivationSound","22":"ActivationDefault","23":"ActivationHidden","24":"ShieldGeneration","25":"ShieldCooldown","26":"ShieldMax","27":"ShieldOverload","28":"EnergyGeneration","29":"EnergyCooldown","30":"EnergyMax","31":"ThrustUpward","32":"ThrustHorizontal","33":"ThrustDownward","34":"ThrustCooldown","35":"DamageType","36":"WeaponCooldown","37":"Recoil","38":"CritChance","39":"DamageImpact","40":"EnergyUse","41":"ShotAmount","42":"VolleyAmount","43":"VolleyDelay","44":"Spread","45":"AmmunitionGeneration","46":"AmmunitionCooldown","47":"AmmunitionUse","48":"AmmunitionMax","49":"ProjectileName","50":"ProjectileSprite","51":"ProjectileSound","52":"ProjectileBehavior","53":"ProjectileHealth","54":"ProjectileRange","55":"ProjectileLife","56":"ProjectileKnockback","57":"Damage","58":"DamageDecrease","59":"DamagePenetration","60":"DamageShield","61":"DamageShieldPierce","62":"DamageAbsorb","63":"DamageDeflect","64":"DamageLifesteal","65":"ProjectileVelocityInitial","66":"ProjectileVelocityFinal","67":"ProjectileAcceleration","68":"ProjectileVelocityRelative","69":"ProjectileRotationInitial","70":"ProjectileRotationFinal","71":"ProjectileRotationAcceleration","72":"ProjectileGravity","73":"HomingRotationSpeed","74":"HomingSpread","75":"ProjectileAttractRadius","76":"ProjectileAttractForce","77":"WaveAmplitude","78":"WaveFrequency","79":"SecondaryDamage","80":"SecondaryHealth","81":"SecondaryRange","82":"SecondaryShotAmount","83":"SecondarySpread","84":"RotationTargeting","85":"RotationSpeed","86":"RotationAxis","87":"RotationSpread","88":"HealingAmount","89":"HealingCooldown","90":"AttractRadius","91":"AttractForce","92":"RangeTrigger","93":"EffectTrail","94":"EffectColor","95":"EffectExplode","96":"EffectAlphaDelta","97":"EffectRandomRotation","98":"EffectRandomFlip","99":"EffectAnimated"},"items":{"0":"sand","1":"silt","2":"dirt","3":"compressed_dirt","4":"grass","5":"mudstone","6":"clay","7":"cloud","8":"gravel","9":"leaves","10":"cobblestone","11":"stone","12":"quartz","13":"sandstone","14":"marble","15":"limestone","16":"aetherium","17":"cloud_dense","18":"evergrowth","19":"granite","20":"crystal","21":"obsidian","22":"arcnite","23":"darkstone","24":"molten_rock","25":"magmium","26":"aerogel","27":"core","28":"floatron_basic","29":"floatron_advanced","30":"floatron_complex","31":"floatron_ultimate","32":"drifter_basic","33":"drifter_advanced","34":"drifter_complex","35":"drifter_ultimate","36":"slammeron_basic","37":"slammeron_advanced","38":"slammeron_complex","39":"reactor_basic","40":"reactor_advanced","41":"reactor_complex","42":"battery_basic","43":"battery_advanced","44":"battery_complex","45":"armor_basic","46":"armor_advanced","47":"armor_complex","48":"electromagnet","49":"electrowreath","50":"shield_basic","51":"shield_advanced","52":"shield_complex","53":"shieldstone_basic","54":"shieldstone_advanced","55":"shieldstone_complex","56":"shield_ultimate","57":"tree_bush","58":"tree_lantern","59":"tree_palm","60":"snowman","61":"tree_spruce","62":"tree_christmas","63":"tree_oak","64":"balloon","65":"pyramid","66":"mount","67":"forge","68":"house","69":"farm","70":"windmill","71":"shop","72":"cannon","73":"quickshot","74":"dualshot","75":"quadshot","76":"minicannon","77":"megacannon","78":"microcannon","79":"ternion","80":"machinegun","81":"gatling","82":"spreadgun","83":"shotgun","84":"shotgun_dual","85":"mortar","86":"mortar_dual","87":"grenador","88":"crystor","89":"flare","90":"superflare","91":"gigaflare","92":"rocket","93":"rocket_dual","94":"monorocket","95":"missile_swarm","96":"missile_blitz","97":"missile_barrage","98":"missile_annihilator","99":"missile_obliterator","100":"crystaling","101":"crystacle","102":"zephyr","103":"gustin","104":"spyke","105":"spyke_dual","106":"spyke_uber","107":"laser","108":"laser_dual","109":"turbolaser","110":"gravitor","111":"plasma","112":"plasma_dual","113":"ionodriver","114":"ionopiercer","115":"ionocleaver","116":"autolaser","117":"autolaser_heavy","118":"parasite","119":"leech","120":"beamgun","121":"railgun","122":"barrier","123":"mender","124":"reconstructor","125":"propulsor_basic","126":"propulsor_advanced","127":"propulsor_complex","128":"accelerator_basic","129":"accelerator_advanced","130":"accelerator_complex","131":"reinforcement_basic","132":"reinforcement_advanced","133":"reinforcement_complex","134":"antimatter_basic","135":"antimatter_advanced","136":"antimatter_complex","137":"ultramplifier_basic","138":"ultramplifier_advanced","139":"ultramplifier_complex","140":"firepower_basic","141":"firepower_advanced","142":"firepower_complex","143":"nuclearizer_basic","144":"nuclearizer_advanced","145":"nuclearizer_complex","146":"supercapacitor_basic","147":"supercapacitor_advanced","148":"supercapacitor_complex","149":"augmentator_basic","150":"augmentator_advanced","151":"augmentator_complex","152":"barrel_extender","153":"barrel_choke","154":"barrel_suppressor","155":"barrel_piercer","156":"laser_trigger","157":"surge_protector","158":"turbocharger","159":"servo","160":"energy_cycler","161":"regenerator","162":"ammunition_box","163":"shock_absorber","164":"reinforced_bullet","165":"targeting_system","166":"rocket_propellant","167":"disruptor","168":"aileron","169":"health_extractor","170":"gate_key","171":"doothingy"}}