{"properties":{"0":"Rarity","1":"Ref","2":"Name","3":"Description","4":"Layer","5":"Class","6":"Subclass","7":"Attachable","8":"Upgradeable","9":"Forgeable","10":"Dropable","11":"Event","12":"Sprite","13":"Value","14":"Health","15":"Mass","16":"Durability","17":"DodgeChance","18":"KeybindAmount","19":"KeybindDefault","20":"ActivationType","21":"ActivationSound","22":"ActivationDefault","23":"ActivationHidden","24":"ShieldGeneration","25":"ShieldCooldown","26":"ShieldMax","27":"ShieldOverload","28":"EnergyGeneration","29":"EnergyCooldown","30":"EnergyMax","31":"ThrustUpward","32":"ThrustHorizontal","33":"ThrustDownward","34":"ThrustCooldown","35":"DamageType","36":"WeaponCooldown","37":"Recoil","38":"CritChance","39":"DamageImpact","40":"EnergyUse","41":"ShotAmount","42":"VolleyAmount","43":"VolleyDelay","44":"Spread","45":"AmmunitionGeneration","46":"AmmunitionCooldown","47":"AmmunitionUse","48":"AmmunitionMax","49":"ProjectileName","50":"ProjectileSprite","51":"ProjectileSound","52":"ProjectileBehavior","53":"ProjectileHealth","54":"ProjectileRange","55":"ProjectileLife","56":"ProjectileKnockback","57":"Damage","58":"DamageDecrease","59":"DamagePenetration","60":"DamageShield","61":"DamageShieldPierce","62":"DamageAbsorb","63":"DamageDeflect","64":"ProjectileVelocityInitial","65":"ProjectileVelocityFinal","66":"ProjectileAcceleration","67":"ProjectileVelocityRelative","68":"ProjectileRotationInitial","69":"ProjectileRotationFinal","70":"ProjectileRotationAcceleration","71":"ProjectileGravity","72":"HomingRotationSpeed","73":"HomingSpread","74":"ProjectileAttractRadius","75":"ProjectileAttractForce","76":"WaveAmplitude","77":"WaveFrequency","78":"SecondaryDamage","79":"SecondaryHealth","80":"SecondaryRange","81":"SecondaryShotAmount","82":"SecondarySpread","83":"RotationTargeting","84":"RotationSpeed","85":"RotationAxis","86":"RotationSpread","87":"HealingAmount","88":"HealingCooldown","89":"AttractRadius","90":"AttractForce","91":"RangeTrigger","92":"EffectTrail","93":"EffectColor","94":"EffectExplode","95":"EffectAlphaDelta","96":"EffectRandomRotation","97":"EffectRandomFlip","98":"EffectAnimated"},"items":{"0":"sand","1":"silt","2":"dirt","3":"compressed_dirt","4":"grass","5":"mudstone","6":"clay","7":"cloud","8":"gravel","9":"leaves","10":"cobblestone","11":"stone","12":"quartz","13":"sandstone","14":"marble","15":"limestone","16":"aetherium","17":"cloud_dense","18":"evergrowth","19":"granite","20":"crystal","21":"obsidian","22":"arcnite","23":"darkstone","24":"molten_rock","25":"magmium","26":"aerogel","27":"core","28":"floatron_basic","29":"floatron_advanced","30":"floatron_complex","31":"floatron_ultimate","32":"drifter_basic","33":"drifter_advanced","34":"drifter_complex","35":"drifter_ultimate","36":"slammeron_basic","37":"slammeron_advanced","38":"slammeron_complex","39":"reactor_basic","40":"reactor_advanced","41":"reactor_complex","42":"battery_basic","43":"battery_advanced","44":"battery_complex","45":"armor_basic","46":"armor_advanced","47":"armor_complex","48":"electromagnet","49":"electrowreath","50":"shield_basic","51":"shield_advanced","52":"shield_complex","53":"shieldstone_basic","54":"shieldstone_advanced","55":"shieldstone_complex","56":"shield_ultimate","57":"tree_bush","58":"tree_lantern","59":"tree_palm","60":"snowman","61":"tree_spruce","62":"tree_christmas","63":"tree_oak","64":"balloon","65":"pyramid","66":"mount","67":"forge","68":"house","69":"farm","70":"windmill","71":"shop","72":"cannon","73":"quickshot","74":"dualshot","75":"quadshot","76":"minicannon","77":"megacannon","78":"microcannon","79":"ternion","80":"machinegun","81":"gatling","82":"spreadgun","83":"shotgun","84":"shotgun_dual","85":"mortar","86":"mortar_dual","87":"grenador","88":"crystor","89":"flare","90":"superflare","91":"gigaflare","92":"rocket","93":"rocket_dual","94":"monorocket","95":"missile_swarm","96":"missile_blitz","97":"missile_barrage","98":"missile_annihilator","99":"missile_obliterator","100":"crystaling","101":"crystacle","102":"zephyr","103":"gustin","104":"spyke","105":"spyke_dual","106":"spyke_uber","107":"laser","108":"laser_dual","109":"turbolaser","110":"gravitor","111":"plasma","112":"plasma_dual","113":"ionodriver","114":"ionopiercer","115":"ionocleaver","116":"autolaser","117":"autolaser_heavy","118":"beamgun","119":"railgun","120":"barrier","121":"propulsor_basic","122":"propulsor_advanced","123":"propulsor_complex","124":"accelerator_basic","125":"accelerator_advanced","126":"accelerator_complex","127":"reinforcement_basic","128":"reinforcement_advanced","129":"reinforcement_complex","130":"antimatter_basic","131":"antimatter_advanced","132":"antimatter_complex","133":"ultramplifier_basic","134":"ultramplifier_advanced","135":"ultramplifier_complex","136":"firepower_basic","137":"firepower_advanced","138":"firepower_complex","139":"nuclearizer_basic","140":"nuclearizer_advanced","141":"nuclearizer_complex","142":"supercapacitor_basic","143":"supercapacitor_advanced","144":"supercapacitor_complex","145":"augmentator_basic","146":"augmentator_advanced","147":"augmentator_complex","148":"barrel_extender","149":"barrel_choke","150":"barrel_suppressor","151":"barrel_piercer","152":"laser_trigger","153":"surge_protector","154":"turbocharger","155":"servo","156":"energy_cycler","157":"regenerator","158":"ammunition_box","159":"shock_absorber","160":"reinforced_bullet","161":"targeting_system","162":"rocket_propellant","163":"disruptor","164":"aileron","165":"warp_key","166":"realm_key","167":"doothingy"}}