{"properties":{"0":"Rarity","1":"Ref","2":"Name","3":"Description","4":"Layer","5":"Class","6":"Subclass","7":"Attachable","8":"Upgradeable","9":"Forgeable","10":"Dropable","11":"Event","12":"ClickAction","13":"Sprite","14":"Value","15":"Health","16":"Mass","17":"Durability","18":"DodgeChance","19":"ConsumableCheck","20":"ConsumableAction","21":"ConsumableObject","22":"KeybindAmount","23":"KeybindDefault","24":"ActivationType","25":"ActivationSound","26":"ActivationDefault","27":"ActivationHidden","28":"ShieldGeneration","29":"ShieldCooldown","30":"ShieldMax","31":"ShieldOverload","32":"EnergyGeneration","33":"EnergyCooldown","34":"EnergyMax","35":"ThrustUpward","36":"ThrustHorizontal","37":"ThrustDownward","38":"ThrustCooldown","39":"DamageType","40":"WeaponCooldown","41":"Recoil","42":"CritChance","43":"DamageImpact","44":"EnergyUse","45":"ShotAmount","46":"VolleyAmount","47":"VolleyDelay","48":"Spread","49":"AmmunitionGeneration","50":"AmmunitionCooldown","51":"AmmunitionUse","52":"AmmunitionMax","53":"ProjectileName","54":"ProjectileSprite","55":"ProjectileSound","56":"ProjectileBehavior","57":"ProjectileHealth","58":"ProjectileRange","59":"ProjectileLife","60":"ProjectileKnockback","61":"Damage","62":"DamageDecrease","63":"DamagePenetration","64":"DamageShield","65":"DamageShieldPierce","66":"DamageAbsorb","67":"DamageDeflect","68":"ProjectileVelocityInitial","69":"ProjectileVelocityFinal","70":"ProjectileAcceleration","71":"ProjectileVelocityRelative","72":"ProjectileRotationInitial","73":"ProjectileRotationFinal","74":"ProjectileRotationAcceleration","75":"ProjectileGravity","76":"HomingRotationSpeed","77":"HomingSpread","78":"ProjectileAttractRadius","79":"ProjectileAttractForce","80":"WaveAmplitude","81":"WaveFrequency","82":"SecondaryDamage","83":"SecondaryHealth","84":"SecondaryRange","85":"SecondaryShotAmount","86":"SecondarySpread","87":"RotationTargeting","88":"RotationSpeed","89":"RotationAxis","90":"RotationSpread","91":"HealingAmount","92":"HealingCooldown","93":"AttractRadius","94":"AttractForce","95":"RangeTrigger","96":"EffectTrail","97":"EffectColor","98":"EffectExplode","99":"EffectAlphaDelta","100":"EffectRandomRotation","101":"EffectRandomFlip","102":"EffectAnimated"},"items":{"0":"sand","1":"silt","2":"dirt","3":"compressed_dirt","4":"grass","5":"mudstone","6":"clay","7":"cloud","8":"gravel","9":"leaves","10":"cobblestone","11":"stone","12":"quartz","13":"sandstone","14":"marble","15":"limestone","16":"aetherium","17":"cloud_dense","18":"evergrowth","19":"granite","20":"crystal","21":"obsidian","22":"arcnite","23":"darkstone","24":"molten_rock","25":"magmium","26":"aerogel","27":"core","28":"floatron_basic","29":"floatron_advanced","30":"floatron_complex","31":"floatron_ultimate","32":"drifter_basic","33":"drifter_advanced","34":"drifter_complex","35":"drifter_ultimate","36":"slammeron_basic","37":"slammeron_advanced","38":"slammeron_complex","39":"reactor_basic","40":"reactor_advanced","41":"reactor_complex","42":"battery_basic","43":"battery_advanced","44":"battery_complex","45":"armor_basic","46":"armor_advanced","47":"armor_complex","48":"electromagnet","49":"electrowreath","50":"shield_basic","51":"shield_advanced","52":"shield_complex","53":"shieldstone_basic","54":"shieldstone_advanced","55":"shieldstone_complex","56":"shield_ultimate","57":"tree_bush","58":"tree_lantern","59":"tree_palm","60":"snowman","61":"tree_spruce","62":"tree_christmas","63":"tree_oak","64":"balloon","65":"pyramid","66":"mount","67":"forge","68":"house","69":"farm","70":"windmill","71":"shop","72":"cannon","73":"quickshot","74":"dualshot","75":"quadshot","76":"minicannon","77":"megacannon","78":"microcannon","79":"ternion","80":"machinegun","81":"gatling","82":"spreadgun","83":"shotgun","84":"shotgun_dual","85":"mortar","86":"mortar_dual","87":"grenador","88":"crystor","89":"flare","90":"superflare","91":"gigaflare","92":"rocket","93":"rocket_dual","94":"monorocket","95":"missile_swarm","96":"missile_blitz","97":"missile_barrage","98":"missile_annihilator","99":"missile_obliterator","100":"crystaling","101":"crystacle","102":"zephyr","103":"gustin","104":"spyke","105":"spyke_dual","106":"spyke_uber","107":"laser","108":"laser_dual","109":"turbolaser","110":"gravitor","111":"plasma","112":"plasma_dual","113":"ionodriver","114":"ionopiercer","115":"ionocleaver","116":"autolaser","117":"autolaser_heavy","118":"beamgun","119":"railgun","120":"barrier","121":"propulsor_basic","122":"propulsor_advanced","123":"propulsor_complex","124":"accelerator_basic","125":"accelerator_advanced","126":"accelerator_complex","127":"reinforcement_basic","128":"reinforcement_advanced","129":"reinforcement_complex","130":"antimatter_basic","131":"antimatter_advanced","132":"antimatter_complex","133":"ultramplifier_basic","134":"ultramplifier_advanced","135":"ultramplifier_complex","136":"firepower_basic","137":"firepower_advanced","138":"firepower_complex","139":"nuclearizer_basic","140":"nuclearizer_advanced","141":"nuclearizer_complex","142":"supercapacitor_basic","143":"supercapacitor_advanced","144":"supercapacitor_complex","145":"augmentator_basic","146":"augmentator_advanced","147":"augmentator_complex","148":"barrel_extender","149":"barrel_choke","150":"barrel_suppressor","151":"barrel_piercer","152":"laser_trigger","153":"surge_protector","154":"turbocharger","155":"servo","156":"energy_cycler","157":"regenerator","158":"ammunition_box","159":"shock_absorber","160":"reinforced_bullet","161":"targeting_system","162":"rocket_propellant","163":"disruptor","164":"aileron","165":"warp_key","166":"realm_key","167":"scrap","168":"consume"}}