{"items":{"0":"sand","1":"silt","2":"dirt","3":"compressed_dirt","4":"grass","5":"mudstone","6":"clay","7":"cloud","8":"gravel","9":"leaves","10":"cobblestone","11":"stone","12":"quartz","13":"sandstone","14":"marble","15":"limestone","16":"aetherium","17":"cloud_dense","18":"evergrowth","19":"granite","20":"crystal","21":"obsidian","22":"arcnite","23":"darkstone","24":"molten_rock","25":"magmium","26":"aerogel","27":"core","28":"floatron_basic","29":"floatron_advanced","30":"floatron_complex","31":"floatron_ultimate","32":"drifter_basic","33":"drifter_advanced","34":"drifter_complex","35":"drifter_ultimate","36":"slammeron_basic","37":"slammeron_advanced","38":"slammeron_complex","39":"reactor_basic","40":"reactor_advanced","41":"reactor_complex","42":"battery_basic","43":"battery_advanced","44":"battery_complex","45":"armor_basic","46":"armor_advanced","47":"electromagnet","48":"shield_advanced","49":"shield_complex","50":"shieldstone_basic","51":"shieldstone_advanced","52":"shieldstone_complex","53":"shield_ultimate","54":"tree_bush","55":"tree_lantern","56":"tree_palm","57":"snowman","58":"tree_spruce","59":"tree_christmas","60":"tree_oak","61":"balloon","62":"pyramid","63":"mount","64":"forge","65":"house","66":"farm","67":"windmill","68":"shop","69":"cannon","70":"quickshot","71":"dualshot","72":"quadshot","73":"minicannon","74":"megacannon","75":"microcannon","76":"ternion","77":"machinegun","78":"gatling","79":"spreadgun","80":"shotgun","81":"shotgun_dual","82":"mortar","83":"mortar_dual","84":"grenador","85":"crystor","86":"rocket","87":"rocket_dual","88":"missile_swarm","89":"missile_barrage","90":"missile_obliterator","91":"zephyr","92":"gustin","93":"spyke","94":"spyke_dual","95":"laser","96":"gravitor","97":"plasma","98":"plasma_dual","99":"ionodriver","100":"ionopiercer","101":"ionocleaver","102":"autolaser","103":"autolaser_heavy","104":"beamgun","105":"railgun","106":"barrier","107":"propulsor_advanced","108":"propulsor_complex","109":"accelerator_basic","110":"accelerator_advanced","111":"accelerator_complex","112":"reinforcement_advanced","113":"reinforcement_complex","114":"antimatter_basic","115":"antimatter_advanced","116":"antimatter_complex","117":"ultramplifier_basic","118":"ultramplifier_advanced","119":"ultramplifier_complex","120":"firepower_basic","121":"firepower_advanced","122":"firepower_complex","123":"nuclearizer_basic","124":"nuclearizer_advanced","125":"nuclearizer_complex","126":"supercapacitor_basic","127":"supercapacitor_advanced","128":"supercapacitor_complex","129":"augmentator_basic","130":"augmentator_advanced","131":"augmentator_complex","132":"barrel_extender","133":"barrel_choke","134":"barrel_suppressor","135":"barrel_piercer","136":"laser_trigger","137":"surge_protector","138":"turbocharger","139":"servo","140":"energy_cycler","141":"regenerator","142":"ammunition_box","143":"shock_absorber","144":"reinforced_bullet","145":"targeting_system","146":"rocket_propellant","147":"disruptor","148":"aileron","149":"warp_key","150":"realm_key","151":"scrap","152":"consume"},"properties":{"0":"rarity","1":"ref","2":"name","3":"description","4":"layer","5":"class","6":"subclass","7":"attachable","8":"upgradeable","9":"forgeable","10":"dropable","11":"indestructible","12":"event","13":"clickaction","14":"sprite","15":"value","16":"health","17":"mass","18":"durability","19":"dodgechance","20":"consumablecheck","21":"consumableaction","22":"consumableobject","23":"keybindamount","24":"keybinddefault","25":"activationtype","26":"activationsound","27":"activationdefault","28":"activationhidden","29":"shieldgeneration","30":"shieldmax","31":"shieldoverload","32":"energygeneration","33":"energycooldown","34":"energymax","35":"thrustupward","36":"thrusthorizontal","37":"thrustdownward","38":"thrustcooldown","39":"damagetype","40":"weaponcooldown","41":"recoil","42":"critchance","43":"damageimpact","44":"energyuse","45":"shotamount","46":"volleyamount","47":"volleydelay","48":"spread","49":"ammunitiongeneration","50":"ammunitioncooldown","51":"ammunitionuse","52":"ammunitionmax","53":"projectilename","54":"projectilesprite","55":"projectilesound","56":"projectilebehavior","57":"projectilehealth","58":"projectilerange","59":"projectilelife","60":"projectileknockback","61":"damage","62":"damagedecrease","63":"damagepenetration","64":"damageshield","65":"damageshieldpierce","66":"damageabsorb","67":"damagedeflect","68":"projectilevelocityinitial","69":"projectilevelocityfinal","70":"projectileacceleration","71":"projectilevelocityrelative","72":"projectilerotationinitial","73":"projectilerotationfinal","74":"projectilerotationacceleration","75":"projectilegravity","76":"homingrotationspeed","77":"homingspread","78":"projectileattractradius","79":"projectileattractforce","80":"waveamplitude","81":"wavefrequency","82":"secondarydamage","83":"secondaryhealth","84":"secondaryrange","85":"secondaryshotamount","86":"secondaryspread","87":"rotationtargeting","88":"rotationspeed","89":"rotationaxis","90":"rotationspread","91":"healingamount","92":"healingcooldown","93":"attractradius","94":"attractforce","95":"rangetrigger","96":"effecttrail","97":"effectcolor","98":"effectexplode","99":"effectalphadelta","100":"effectrandomrotation","101":"effectrandomflip","102":"effectanimated","103":"effectmuzzleoffset","104":"effectmuzzleoffsetdelta","105":"effectmuzzleangledelta"}}